,word,count
0,the,757
1,to,375
2,of,333
3,a,323
4,in,311
5,and,266
6,covid,218
7,says,217
8,is,190
9,coronavirus,184
10,that,169
11,for,169
12,are,143
13,on,106
14,from,105
15,people,104
16,have,98
17,not,90
18,has,81
19,with,81
20,it,80
21,you,74
22,was,68
23,this,64
24,trump,62
25,as,57
26,vaccine,56
27,all,56
28,be,55
29,we,53
30,they,52
31,pandemic,51
32,at,51
33,than,49
34,will,48
35,president,48
36,masks,48
37,more,44
38,new,43
39,virus,42
40,if,41
41,can,40
42,by,40
43,bill,39
44,who,38
45,us,38
46,no,37
47,been,37
48,he,36
49,deaths,36
50,or,35
51,states,35
52,your,35
53,because,34
54,now,34
55,their,33
56,an,33
57,donald,33
58,mask,32
59,its,32
60,cases,32
61,said,31
62,state,30
63,cdc,30
64,get,30
65,were,30
66,up,30
67,had,29
68,so,29
69,shows,28
70,i,28
71,about,28
72,only,28
73,health,28
74,flu,27
75,do,26
76,died,26
77,but,26
78,rate,26
79,out,26
80,year,25
81,there,25
82,his,25
83,just,25
84,going,25
85,other,23
86,china,23
87,gov,22
88,over,22
89,wearing,22
90,during,22
91,one,22
92,test,22
93,fauci,21
94,biden,21
95,million,21
96,gates,20
97,after,20
98,when,20
99,york,20
100,them,20
101,world,20
102,being,20
103,like,20
104,american,19
105,would,19
106,two,19
107,testing,19
108,before,18
109,while,18
110,down,18
111,death,18
112,what,18
113,vaccines,17
114,into,17
115,our,17
116,some,17
117,may,17
118,photo,17
119,dr,16
120,relief,16
121,administration,16
122,anthony,16
123,under,16
124,north,16
125,government,16
126,any,15
127,which,15
128,against,15
129,getting,15
130,americans,15
131,florida,15
132,should,15
133,positive,15
134,wear,15
135,obama,15
136,very,15
137,michigan,15
138,years,15
139,joe,14
140,money,14
141,number,14
142,country,14
143,carolina,14
144,…,14
145,—,14
146,never,13
147,dont,13
148,did,13
149,even,13
150,without,13
151,work,13
152,days,13
153,wisconsin,13
154,first,13
155,go,13
156,order,13
157,home,13
158,per,13
159,time,12
160,every,12
161,federal,12
162,since,12
163,kill,12
164,city,12
165,actually,12
166,due,12
167,risk,12
168,through,12
169,saying,12
170,times,12
171,spread,12
172,tests,12
173,almost,12
174,corona,12
175,outbreak,12
176,patients,12
177,need,11
178,how,11
179,stimulus,11
180,pelosi,11
181,funding,11
182,back,11
183,medical,11
184,trumps,11
185,everyone,11
186,workers,11
187,children,11
188,hospitals,11
189,my,11
190,governors,11
191,travel,11
192,killed,11
193,her,11
194,study,10
195,months,10
196,march,10
197,democrats,10
198,die,10
199,nancy,10
200,theres,10
201,most,10
202,last,10
203,still,10
204,know,10
205,got,10
206,essential,10
207,same,10
208,way,10
209,make,10
210,hours,10
211,hydroxychloroquine,10
212,face,10
213,vote,10
214,nothing,10
215,think,10
216,countries,10
217,cant,9
218,job,9
219,free,9
220,help,9
221,texas,9
222,house,9
223,video,9
224,give,9
225,these,9
226,law,9
227,republicans,9
228,say,9
229,used,9
230,could,9
231,lockdown,9
232,orders,9
233,election,9
234,homes,9
235,governor,9
236,united,9
237,person,9
238,doing,9
239,wuhan,9
240,billion,9
241,hospital,9
242,three,9
243,stayathome,9
244,where,9
245,case,8
246,plan,8
247,act,8
248,found,8
249,receive,8
250,kids,8
251,vaccinated,8
252,trying,8
253,unemployment,8
254,day,8
255,right,8
256,show,8
257,reported,8
258,high,8
259,quarantine,8
260,news,8
261,called,8
262,closed,8
263,military,8
264,don't,8
265,lab,8
266,mail,8
267,hoax,8
268,public,8
269,italy,8
270,chinese,8
271,me,7
272,safe,7
273,open,7
274,checks,7
275,trillion,7
276,took,7
277,science,7
278,voted,7
279,came,7
280,nearly,7
281,crisis,7
282,data,7
283,students,7
284,illinois,7
285,well,7
286,infections,7
287,stay,7
288,done,7
289,nursing,7
290,end,7
291,research,7
292,numbers,7
293,around,7
294,california,7
295,tested,7
296,second,7
297,businesses,7
298,economy,7
299,wants,7
300,uk,7
301,infection,7
302,few,7
303,those,7
304,today,7
305,must,7
306,she,7
307,cure,7
308,want,7
309,bad,7
310,likely,7
311,thousands,7
312,symptoms,7
313,media,7
314,long,7
315,weeks,7
316,novel,7
317,swine,7
318,jan,7
319,feb,7
320,immunity,6
321,turned,6
322,vaccination,6
323,rescue,6
324,lost,6
325,made,6
326,passed,6
327,away,6
328,isnt,6
329,hundreds,6
330,school,6
331,teachers,6
332,schools,6
333,enough,6
334,sick,6
335,insurance,6
336,take,6
337,means,6
338,also,6
339,vaccinations,6
340,lives,6
341,majority,6
342,including,6
343,stop,6
344,reports,6
345,between,6
346,went,6
347,national,6
348,half,6
349,evers,6
350,lot,6
351,coming,6
352,come,6
353,whole,6
354,virginia,6
355,receiving,6
356,many,6
357,dead,6
358,cold,6
359,already,6
360,restrictions,6
361,blood,6
362,oxygen,6
363,highest,6
364,off,6
365,next,6
366,own,6
367,dying,6
368,organization,6
369,response,6
370,put,6
371,him,6
372,program,6
373,county,6
374,created,6
375,employees,6
376,gretchen,6
377,weve,6
378,full,6
379,company,6
380,until,6
381,theyre,6
382,pay,6
383,social,6
384,check,6
385,viruses,6
386,church,6
387,why,6
388,kills,6
389,foundation,6
390,paid,6
391,thats,6
392,tax,6
393,door,6
394,eight,5
395,include,5
396,spent,5
397,pelosis,5
398,rates,5
399,alcohol,5
400,admits,5
401,g,5
402,mandatory,5
403,prison,5
404,refuse,5
405,reopen,5
406,america,5
407,board,5
408,large,5
409,list,5
410,among,5
411,millions,5
412,across,5
413,mortality,5
414,dollars,5
415,low,5
416,too,5
417,much,5
418,past,5
419,evidence,5
420,south,5
421,better,5
422,doctors,5
423,nurses,5
424,companies,5
425,here,5
426,doctor,5
427,week,5
428,ny,5
429,tony,5
430,anyone,5
431,really,5
432,small,5
433,different,5
434,levels,5
435,play,5
436,bottom,5
437,events,5
438,congress,5
439,avoid,5
440,thing,5
441,exposed,5
442,required,5
443,youre,5
444,four,5
445,history,5
446,less,5
447,republican,5
448,spreading,5
449,pennsylvania,5
450,then,5
451,middle,5
452,food,5
453,measures,5
454,we're,5
455,starting,5
456,see,5
457,body,5
458,center,5
459,emergency,5
460,look,5
461,healthy,5
462,fact,5
463,whitmer,5
464,distancing,5
465,april,5
466,didn't,5
467,forced,5
468,george,5
469,five,5
470,prevent,5
471,caught,5
472,equipment,5
473,quotes,5
474,barack,5
475,voting,5
476,calling,5
477,private,5
478,beach,5
479,man,5
480,using,5
481,confirmed,5
482,real,5
483,current,5
484,keep,5
485,leave,5
486,announced,5
487,citizens,5
488,scientists,5
489,develop,4
490,taking,4
491,moderna,4
492,significant,4
493,wrong,4
494,does,4
495,governments,4
496,mandates,4
497,age,4
498,package,4
499,part,4
500,goes,4
501,vitamin,4
502,black,4
503,single,4
504,send,4
505,reopening,4
506,protect,4
507,issued,4
508,diseases,4
509,system,4
510,trial,4
511,month,4
512,february,4
513,increased,4
514,vast,4
515,outside,4
516,left,4
517,shut,4
518,border,4
519,november,4
520,counties,4
521,tried,4
522,department,4
523,industry,4
524,pfizer,4
525,proves,4
526,place,4
527,compared,4
528,report,4
529,authority,4
530,sports,4
531,able,4
532,herd,4
533,population,4
534,technology,4
535,again,4
536,live,4
537,having,4
538,twice,4
539,least,4
540,common,4
541,cause,4
542,breaking,4
543,banned,4
544,big,4
545,care,4
546,dna,4
547,doesnt,4
548,sen,4
549,experts,4
550,use,4
551,th,4
552,georgia,4
553,killing,4
554,problem,4
555,democratic,4
556,removed,4
557,failed,4
558,icu,4
559,seen,4
560,campaign,4
561,started,4
562,surge,4
563,behind,4
564,wisconsins,4
565,that's,4
566,protection,4
567,capita,4
568,seasonal,4
569,flag,4
570,immune,4
571,call,4
572,probably,4
573,it's,4
574,fever,4
575,soros,4
576,disease,4
577,rooms,4
578,related,4
579,hot,4
580,claim,4
581,service,4
582,zero,4
583,drug,4
584,lowest,4
585,wave,4
586,team,4
587,threat,4
588,something,4
589,epidemic,4
590,let,4
591,carrying,4
592,clear,4
593,guidelines,4
594,oklahoma,4
595,tweeted,4
596,happened,4
597,moment,4
598,osha,4
599,street,4
600,deadly,4
601,refused,4
602,italian,4
603,instead,4
604,might,4
605,beaches,4
606,stands,4
607,basis,4
608,each,4
609,stores,4
610,mass,4
611,ventilators,4
612,stock,4
613,predicted,4
614,water,4
615,takes,3
616,side,3
617,effects,3
618,once,3
619,funds,3
620,local,3
621,gives,3
622,difference,3
623,tom,3
624,hanks,3
625,office,3
626,blame,3
627,economic,3
628,san,3
629,francisco,3
630,illegal,3
631,everybody,3
632,immigrants,3
633,budget,3
634,senate,3
635,nurse,3
636,criminals,3
637,andrew,3
638,cuomo,3
639,legal,3
640,giving,3
641,adults,3
642,nc,3
643,start,3
644,kinds,3
645,create,3
646,fake,3
647,mayor,3
648,game,3
649,includes,3
650,revenue,3
651,enrolled,3
652,tracking,3
653,losses,3
654,result,3
655,benefit,3
656,there's,3
657,sitting,3
658,bidens,3
659,roy,3
660,issue,3
661,ballots,3
662,prisoners,3
663,politicians,3
664,ahead,3
665,individuals,3
666,highrisk,3
667,allowing,3
668,old,3
669,super,3
670,fda,3
671,average,3
672,recipients,3
673,ready,3
674,violating,3
675,require,3
676,inperson,3
677,learning,3
678,increases,3
679,makes,3
680,necessary,3
681,such,3
682,period,3
683,white,3
684,scientific,3
685,payments,3
686,hes,3
687,dangerous,3
688,seem,3
689,adverse,3
690,humans,3
691,contain,3
692,track,3
693,developed,3
694,closing,3
695,recent,3
696,centers,3
697,survival,3
698,ages,3
699,gas,3
700,passes,3
701,guidance,3
702,microchip,3
703,officials,3
704,patient,3
705,pope,3
706,francis,3
707,enter,3
708,total,3
709,restaurants,3
710,cnn,3
711,october,3
712,knows,3
713,controlled,3
714,effectiveness,3
715,reduce,3
716,daughter,3
717,known,3
718,price,3
719,treatment,3
720,signed,3
721,ineffective,3
722,nationwide,3
723,kelly,3
724,multiple,3
725,parts,3
726,recommends,3
727,quarantined,3
728,protective,3
729,curve,3
730,racist,3
731,jobs,3
732,infected,3
733,clearly,3
734,worse,3
735,close,3
736,yet,3
737,release,3
738,arent,3
739,themselves,3
740,dems,3
741,hope,3
742,wasnt,3
743,far,3
744,released,3
745,walter,3
746,reed,3
747,great,3
748,reelection,3
749,count,3
750,hit,3
751,implemented,3
752,access,3
753,mississippi,3
754,factor,3
755,received,3
756,paycheck,3
757,zoom,3
758,kind,3
759,mike,3
760,beds,3
761,canada,3
762,production,3
763,others,3
764,hard,3
765,lower,3
766,amid,3
767,decided,3
768,alone,3
769,eliminate,3
770,told,3
771,labs,3
772,minnesota,3
773,authorized,3
774,nih,3
775,chloroquine,3
776,postal,3
777,little,3
778,young,3
779,lists,3
780,deal,3
781,studied,3
782,debt,3
783,totally,3
784,moved,3
785,monitor,3
786,odd,3
787,impeachment,3
788,russian,3
789,allows,3
790,transmission,3
791,contact,3
792,pneumonia,3
793,abortion,3
794,chance,3
795,reopened,3
796,warning,3
797,residents,3
798,possible,3
799,secretary,3
800,future,3
801,currently,3
802,pushing,3
803,deemed,3
804,basically,3
805,best,3
806,gloves,3
807,set,3
808,telling,3
809,wont,3
810,discover,3
811,rob,3
812,protest,3
813,treat,3
814,approval,3
815,things,3
816,worry,3
817,planned,3
818,jacksonville,3
819,folks,3
820,kennedy,3
821,pbs,3
822,exactly,3
823,fast,3
824,cut,3
825,corporation,3
826,buying,3
827,messages,3
828,mar,3
829,arrested,3
830,hn,3
831,sanitizer,3
832,air,3
833,life,3
834,buy,3
835,market,3
836,record,3
837,israel,3
838,sorry,2
839,effectively,2
840,tell,2
841,via,2
842,movie,2
843,based,2
844,enforcing,2
845,policy,2
846,borders,2
847,bailout,2
848,bonus,2
849,actor,2
850,prices,2
851,included,2
852,cover,2
853,homeless,2
854,releasing,2
855,d,2
856,c,2
857,silver,2
858,oil,2
859,schumer,2
860,members,2
861,amendment,2
862,democrat,2
863,fluid,2
864,floor,2
865,suggests,2
866,blanket,2
867,snuck,2
868,card,2
869,prior,2
870,elections,2
871,change,2
872,chuck,2
873,perfectly,2
874,spending,2
875,shutting,2
876,nba,2
877,weekend,2
878,meaning,2
879,covidrelated,2
880,projects,2
881,complaining,2
882,yourself,2
883,lags,2
884,leader,2
885,lockdowns,2
886,suicide,2
887,previous,2
888,bills,2
889,living,2
890,normal,2
891,cooper,2
892,hotel,2
893,illegals,2
894,charge,2
895,absentee,2
896,else,2
897,dakota,2
898,virtually,2
899,war,2
900,committee,2
901,leading,2
902,maskless,2
903,nebraska,2
904,daca,2
905,healthcare,2
906,share,2
907,pharma,2
908,stand,2
909,funded,2
910,illegally,2
911,jump,2
912,improperly,2
913,listed,2
914,causes,2
915,seeing,2
916,decline,2
917,legislature,2
918,either,2
919,security,2
920,negative,2
921,executive,2
922,short,2
923,ever,2
924,process,2
925,distribute,2
926,particularly,2
927,community,2
928,racial,2
929,disparity,2
930,covids,2
931,impact,2
932,families,2
933,income,2
934,ranks,2
935,norway,2
936,within,2
937,reach,2
938,rep,2
939,capitol,2
940,experimental,2
941,university,2
942,robert,2
943,asymptomatic,2
944,isn't,2
945,driving,2
946,serious,2
947,politician,2
948,statement,2
949,caused,2
950,announces,2
951,par,2
952,lie,2
953,cancer,2
954,female,2
955,sterilization,2
956,images,2
957,story,2
958,ability,2
959,randomized,2
960,sarscov,2
961,statistically,2
962,significantly,2
963,recovered,2
964,respiratory,2
965,absolutely,2
966,remdesivir,2
967,someone,2
968,entire,2
969,monday,2
970,combat,2
971,loeffler,2
972,clinics,2
973,remove,2
974,force,2
975,rent,2
976,assistance,2
977,identification,2
978,sending,2
979,theyve,2
980,remain,2
981,somebody,2
982,dies,2
983,i'm,2
984,education,2
985,reporting,2
986,vulnerable,2
987,populations,2
988,pretty,2
989,we've,2
990,flattened,2
991,nation,2
992,soon,2
993,terrible,2
994,earlier,2
995,rounding,2
996,opened,2
997,wrote,2
998,led,2
999,manufacturing,2
1000,fraud,2
1001,terms,2
1002,according,2
1003,july,2
1004,admitted,2
1005,cannot,2
1006,itself,2
1007,senators,2
1008,missing,2
1009,together,2
1010,older,2
1011,kamala,2
1012,harris,2
1013,decisions,2
1014,combined,2
1015,imagine,2
1016,anybody,2
1017,downplayed,2
1018,churches,2
1019,permanently,2
1020,chris,2
1021,ventilator,2
1022,usa,2
1023,areas,2
1024,plans,2
1025,danger,2
1026,hair,2
1027,diagnosis,2
1028,supporters,2
1029,donate,2
1030,simpsons,2
1031,showed,2
1032,example,2
1033,provide,2
1034,individual,2
1035,coverage,2
1036,letter,2
1037,beginning,2
1038,statewide,2
1039,power,2
1040,restaurant,2
1041,guess,2
1042,arrest,2
1043,alive,2
1044,figure,2
1045,cares,2
1046,available,2
1047,struggling,2
1048,nobody,2
1049,manmade,2
1050,orange,2
1051,kroger,2
1052,requiring,2
1053,ohio,2
1054,fema,2
1055,allowed,2
1056,matter,2
1057,fatality,2
1058,systems,2
1059,certificate,2
1060,patrol,2
1061,asked,2
1062,clue,2
1063,both,2
1064,political,2
1065,parties,2
1066,planted,2
1067,seeds,2
1068,influenza,2
1069,west,2
1070,overdoses,2
1071,zealand,2
1072,regarding,2
1073,cough,2
1074,jeffrey,2
1075,epstein,2
1076,developing,2
1077,sister,2
1078,tomorrow,2
1079,reached,2
1080,clinton,2
1081,john,2
1082,lewis,2
1083,funeral,2
1084,mark,2
1085,criticized,2
1086,dollar,2
1087,correlation,2
1088,carolinas,2
1089,trials,2
1090,clia,2
1091,certification,2
1092,suits,2
1093,mic,2
1094,safety,2
1095,proven,2
1096,worked,2
1097,finally,2
1098,texans,2
1099,ago,2
1100,effective,2
1101,leadership,2
1102,thom,2
1103,tillis,2
1104,wash,2
1105,hands,2
1106,warned,2
1107,needed,2
1108,ive,2
1109,maybe,2
1110,guns,2
1111,determination,2
1112,rest,2
1113,books,2
1114,explains,2
1115,supreme,2
1116,court,2
1117,though,2
1118,b,2
1119,resigned,2
1120,ordered,2
1121,mouth,2
1122,figures,2
1123,loans,2
1124,suggest,2
1125,higher,2
1126,international,2
1127,studies,2
1128,reason,2
1129,class,2
1130,felony,2
1131,married,2
1132,ghislaine,2
1133,lung,2
1134,scientifically,2
1135,aid,2
1136,delayed,2
1137,press,2
1138,farmers,2
1139,push,2
1140,carrier,2
1141,masked,2
1142,carry,2
1143,concealed,2
1144,weapon,2
1145,steam,2
1146,notice,2
1147,charged,2
1148,exempt,2
1149,central,2
1150,increase,2
1151,june,2
1152,slow,2
1153,gavin,2
1154,newsom,2
1155,closures,2
1156,burning,2
1157,six,2
1158,tracing,2
1159,stopped,2
1160,horses,2
1161,sat,2
1162,claims,2
1163,block,2
1164,followed,2
1165,aware,2
1166,rejected,2
1167,tribes,2
1168,indoors,2
1169,global,2
1170,huge,2
1171,medicare,2
1172,near,2
1173,places,2
1174,chip,2
1175,autopsies,2
1176,men,2
1177,feel,2
1178,family,2
1179,rules,2
1180,speaker,2
1181,id,2
1182,tells,2
1183,you're,2
1184,store,2
1185,calls,2
1186,protecting,2
1187,percent,2
1188,contracting,2
1189,billions,2
1190,ensure,2
1191,early,2
1192,inmates,2
1193,survey,2
1194,shape,2
1195,missouri,2
1196,prove,2
1197,socalled,2
1198,flags,2
1199,graves,2
1200,programs,2
1201,kitchen,2
1202,viral,2
1203,radiation,2
1204,finds,2
1205,certain,2
1206,accept,2
1207,nonessential,2
1208,chicago,2
1209,perhaps,2
1210,important,2
1211,ban,2
1212,everywhere,2
1213,mcconnell,2
1214,agreed,2
1215,recommended,2
1216,name,2
1217,pretended,2
1218,thanks,2
1219,wisconsinites,2
1220,brian,2
1221,kemp,2
1222,pence,2
1223,empty,2
1224,ppe,2
1225,thought,2
1226,kansas,2
1227,boy,2
1228,kentucky,2
1229,student,2
1230,congressional,2
1231,pot,2
1232,written,2
1233,xenophobic,2
1234,m,2
1235,amazon,2
1236,gowns,2
1237,sic,2
1238,russia,2
1239,biological,2
1240,sweden,2
1241,transfer,2
1242,fill,2
1243,saw,2
1244,plague,2
1245,cities,2
1246,comes,2
1247,vacation,2
1248,ballot,2
1249,willing,2
1250,post,2
1251,bioweapon,2
1252,manufactured,2
1253,fight,2
1254,im,2
1255,donated,2
1256,labeled,2
1257,fewer,2
1258,sign,2
1259,showing,2
1260,fla,2
1261,claimed,2
1262,survive,2
1263,exact,2
1264,baby,2
1265,sleep,2
1266,nationals,2
1267,protections,2
1268,vegas,2
1269,hotels,2
1270,peak,2
1271,advance,2
1272,bans,2
1273,sale,2
1274,losing,2
1275,profit,2
1276,victims,2
1277,line,2
1278,party,2
1279,simply,2
1280,–,2
1281,chemicals,2
1282,decision,2
1283,milk,2
1284,primary,2
1285,streets,2
1286,message,2
1287,staying,2
1288,scientist,2
1289,drink,2
1290,fire,2
1291,queen,2
1292,elizabeth,2
1293,ebola,2
1294,mild,2
1295,pulled,2
1296,lady,2
1297,nevada,2
1298,banning,2
1299,remains,2
1300,gets,2
1301,announce,2
1302,control,2
1303,physically,2
1304,model,2
1305,originated,2
1306,robbery,2
1307,felt,2
1308,sun,2
1309,eat,2
1310,sars,2
1311,mers,2
1312,census,2
1313,mucus,2
1314,wind,2
1315,lemon,2
1316,postpone,2
1317,quickly,2
1318,preparing,2
1319,i've,2
1320,panic,2
1321,level,2
1322,hysteria,2
1323,fired,2
1324,drinking,2
1325,event,2
1326,olympics,2
1327,youll,2
1328,stomach,2
1329,syndrome,2
1330,covered,2
1331,vatican,2
1332,umbrella,2
1333,shocked,2
1334,fearmongers,1
1335,naturally,1
1336,acquired,1
1337,neutralize,1
1338,variants,1
1339,am,1
1340,legend,1
1341,zombies,1
1342,jamaica,1
1343,recorded,1
1344,aluminum,1
1345,hurt,1
1346,brain,1
1347,disneyland,1
1348,scream,1
1349,roller,1
1350,coasters,1
1351,yellow,1
1352,passport,1
1353,traveling,1
1354,internationally,1
1355,balances,1
1356,employee,1
1357,check…,1
1358,statistical,1
1359,diesel,1
1360,jumped,1
1361,tab,1
1362,marijuana,1
1363,hank,1
1364,aaron,1
1365,marvelous,1
1366,marvin,1
1367,hagler,1
1368,listening,1
1369,advocating,1
1370,aliens,1
1371,nanoparticles,1
1372,locate,1
1373,networks,1
1374,promoted,1
1375,address,1
1376,passing,1
1377,highdollar,1
1378,legislation,1
1379,read,1
1380,recklessly,1
1381,communities,1
1382,colloidal,1
1383,seed,1
1384,sneak,1
1385,awards,1
1386,helped,1
1387,pretending,1
1388,vaccinate,1
1389,hopkins,1
1390,squirting,1
1391,syringe,1
1392,rejecting,1
1393,facilities,1
1394,essentially,1
1395,license,1
1396,getoutofjail,1
1397,contracted,1
1398,directly,1
1399,horribly,1
1400,autoimmune,1
1401,encouraged,1
1402,bridge,1
1403,tunnel,1
1404,classroom,1
1405,atlanta,1
1406,allstar,1
1407,cuomo's,1
1408,decrease,1
1409,you'll,1
1410,pharmacovigilance,1
1411,you've,1
1412,lead,1
1413,prion,1
1414,alzheimers,1
1415,als,1
1416,neurodegenerative,1
1417,differing,1
1418,hospitalizations,1
1419,populous,1
1420,destruction,1
1421,substance,1
1422,abuse,1
1423,despair,1
1424,corresponding,1
1425,competence,1
1426,matters,1
1427,unspent,1
1428,bank,1
1429,account,1
1430,support,1
1431,consensus,1
1432,economists,1
1433,center…,1
1434,spend,1
1435,consider,1
1436,type,1
1437,diabetes,1
1438,lying,1
1439,database,1
1440,fatal,1
1441,stayed,1
1442,arriving,1
1443,inauguration,1
1444,fls,1
1445,stunning,1
1446,anomaly,1
1447,rejection,1
1448,pritzkers,1
1449,hierarchy,1
1450,priorities,1
1451,puts,1
1452,college,1
1453,factors,1
1454,havent,1
1455,tragedies,1
1456,administer,1
1457,advises,1
1458,govevers,1
1459,tasked,1
1460,recommending,1
1461,grandma,1
1462,tampa,1
1463,jane,1
1464,castor,1
1465,bowl,1
1466,distribution,1
1467,approve,1
1468,below,1
1469,infrastructure,1
1470,design,1
1471,dozens,1
1472,produce,1
1473,ties,1
1474,creation,1
1475,waiting,1
1476,vaping,1
1477,busted,1
1478,inflated,1
1479,accused,1
1480,stripping,1
1481,protocols,1
1482,seniors,1
1483,natural,1
1484,growth,1
1485,miracle,1
1486,erie,1
1487,co,1
1488,commissioner,1
1489,vice,1
1490,salary,1
1491,comparable,1
1492,upgrade,1
1493,migrants,1
1494,screen,1
1495,backgrounds,1
1496,impacts,1
1497,assembly,1
1498,table,1
1499,compromise,1
1500,fiats,1
1501,exist,1
1502,spoiled,1
1503,tens,1
1504,numerous,1
1505,considering,1
1506,flatten,1
1507,progress,1
1508,several,1
1509,thousand,1
1510,sixfigure,1
1511,incomes,1
1512,whove,1
1513,interruption,1
1514,whatsoever,1
1515,third,1
1516,administering,1
1517,midwest,1
1518,satisfied,1
1519,causing,1
1520,shots,1
1521,pramila,1
1522,jayapal,1
1523,mob,1
1524,nanochips,1
1525,electronically,1
1526,registered,1
1527,nashville,1
1528,tenn,1
1529,bells,1
1530,palsy,1
1531,governor's,1
1532,mansion,1
1533,cornell,1
1534,professor,1
1535,oswald,1
1536,imaginary,1
1537,fictitious,1
1538,presymptomatic,1
1539,lied,1
1540,provides,1
1541,foreign,1
1542,arts,1
1543,comprises,1
1544,tv,1
1545,phony,1
1546,spikes,1
1547,toxic,1
1548,ingredients,1
1549,urging,1
1550,continue,1
1551,profoundly,1
1552,antiscience,1
1553,simulation,1
1554,al,1
1555,austrian,1
1556,defectiveness,1
1557,demonstrating,1
1558,glass,1
1559,coca,1
1560,cola,1
1561,association,1
1562,rescinded,1
1563,okay,1
1564,optional,1
1565,information,1
1566,tracks,1
1567,location,1
1568,heaven,1
1569,delivers,1
1570,groceries,1
1571,cleaning,1
1572,products,1
1573,jon,1
1574,ossoff,1
1575,amnesty,1
1576,deadliest,1
1577,participants,1
1578,'well',1
1579,it'll,1
1580,become,1
1581,confirms,1
1582,agenda,1
1583,masses,1
1584,biggest,1
1585,spreaders,1
1586,hiv,1
1587,ongoing,1
1588,head,1
1589,yearold,1
1590,woman,1
1591,appeared,1
1592,online,1
1593,rushedtomarket,1
1594,wide,1
1595,range,1
1596,lifethreatening,1
1597,faith,1
1598,staggeringly,1
1599,assess,1
1600,surgical,1
1601,incidence,1
1602,elected,1
1603,network,1
1604,propaganda,1
1605,publications,1
1606,radio,1
1607,shock,1
1608,jocks,1
1609,carolinians,1
1610,quite,1
1611,cardiac,1
1612,disorders,1
1613,kingdom,1
1614,locked,1
1615,increasing,1
1616,paying,1
1617,gilead,1
1618,sciences,1
1619,jack,1
1620,denver,1
1621,broncos,1
1622,colin,1
1623,kaepernick,1
1624,shutdowns,1
1625,commonly,1
1626,empowering,1
1627,sales,1
1628,coopers,1
1629,wedding,1
1630,lock,1
1631,laid,1
1632,rid,1
1633,aarp,1
1634,endorsed,1
1635,iowa,1
1636,sites,1
1637,pharmacies,1
1638,stroke,1
1639,detection,1
1640,clinic,1
1641,replace,1
1642,genetic,1
1643,coding,1
1644,cooperate,1
1645,member,1
1646,task,1
1647,withholding,1
1648,stamps,1
1649,ticketmaster,1
1650,planning,1
1651,concert,1
1652,attendance,1
1653,attempting,1
1654,silence,1
1655,voters,1
1656,letters,1
1657,plane,1
1658,ends,1
1659,wednesday,1
1660,heard,1
1661,focused,1
1662,portfolio,1
1663,profited,1
1664,dan,1
1665,forest,1
1666,missed,1
1667,meetings,1
1668,counted,1
1669,incentive,1
1670,pad,1
1671,stats,1
1672,renowned,1
1673,declare,1
1674,normally,1
1675,practice,1
1676,simple,1
1677,hygiene,1
1678,troy,1
1679,nehls,1
1680,'unamerican',1
1681,'communists',1
1682,constructed,1
1683,institute,1
1684,virology,1
1685,generally,1
1686,flat,1
1687,we'll,1
1688,downside,1
1689,xenophobe,1
1690,turn,1
1691,corner,1
1692,paper,1
1693,blaming,1
1694,saved,1
1695,policies,1
1696,indicted,1
1697,crimes,1
1698,treason,1
1699,conspiring,1
1700,enemy,1
1701,percentage,1
1702,anyway,1
1703,works,1
1704,huddled,1
1705,judiciary,1
1706,hearing,1
1707,amy,1
1708,coney,1
1709,barrett,1
1710,determined,1
1711,cancelled,1
1712,halloween,1
1713,collecting,1
1714,lucy,1
1715,mcbath,1
1716,murderers,1
1717,rapists,1
1718,equipped,1
1719,billionaires,1
1720,net,1
1721,worth,1
1722,twitter,1
1723,tweet,1
1724,gary,1
1725,peters,1
1726,happening,1
1727,idaho,1
1728,tennessee,1
1729,christie,1
1730,sometimes,1
1731,despite,1
1732,lethal,1
1733,missouris,1
1734,initial,1
1735,bikers,1
1736,pray,1
1737,mounting,1
1738,deliberately,1
1739,af,1
1740,boarded,1
1741,marine,1
1742,portable,1
1743,concentrator,1
1744,pocket,1
1745,nasal,1
1746,cannula,1
1747,hidden,1
1748,tucked,1
1749,prominent,1
1750,doomsday,1
1751,planes,1
1752,flight,1
1753,emailed,1
1754,recover,1
1755,episode,1
1756,coffin,1
1757,trade,1
1758,farm,1
1759,bankruptcies,1
1760,red,1
1761,brazil,1
1762,healthinsurance,1
1763,covid‑‑related,1
1764,math,1
1765,exploding,1
1766,tate,1
1767,reeves,1
1768,requirements,1
1769,abolished,1
1770,overturn,1
1771,joint,1
1772,resolution,1
1773,blackowned,1
1774,loan,1
1775,marketing,1
1776,ceo,1
1777,daughternewsomes,1
1778,cousin,1
1779,putting,1
1780,slavery,1
1781,restraint,1
1782,greatest,1
1783,intrusion,1
1784,civil,1
1785,liberties,1
1786,making,1
1787,garcia,1
1788,fend,1
1789,choice,1
1790,director,1
1791,redfield,1
1792,midmissourians,1
1793,nature,1
1794,larger,1
1795,boone,1
1796,nine,1
1797,points,1
1798,ill,1
1799,corporate,1
1800,blm,1
1801,detroit,1
1802,athletic,1
1803,club,1
1804,mandated,1
1805,playing,1
1806,outdoor,1
1807,criminalized,1
1808,cv,1
1809,quarantining,1
1810,kept,1
1811,parents,1
1812,overnight,1
1813,sets,1
1814,camps,1
1815,olive,1
1816,garden,1
1817,replaced,1
1818,website,1
1819,exporting,1
1820,diagnostic,1
1821,instruments,1
1822,operation,1
1823,warp,1
1824,speed,1
1825,pioneered,1
1826,groundbreaking,1
1827,therapies,1
1828,reducing,1
1829,younger,1
1830,deadlier,1
1831,weak,1
1832,invoking,1
1833,defense,1
1834,reasons,1
1835,attributable,1
1836,bed,1
1837,artificial,1
1838,intelligence,1
1839,cops,1
1840,adjusted,1
1841,handle,1
1842,tommy,1
1843,tuberville,1
1844,winning,1
1845,nomination,1
1846,marshalled,1
1847,resources,1
1848,outset,1
1849,directed,1
1850,forge,1
1851,seamless,1
1852,partnership,1
1853,demconvention,1
1854,nygovcuomo,1
1855,grandmothers,1
1856,grandfathers,1
1857,unc,1
1858,schoolkids,1
1859,football,1
1860,threefourths,1
1861,major,1
1862,industrial,1
1863,triple,1
1864,began,1
1865,protocol,1
1866,caretakers,1
1867,sara,1
1868,gideons,1
1869,husbands,1
1870,firm,1
1871,falsely,1
1872,attacked,1
1873,susan,1
1874,collins,1
1875,beef,1
1876,connected,1
1877,inc,1
1878,efforts,1
1879,kamalas,1
1880,dominated,1
1881,millionaires,1
1882,series,1
1883,photos,1
1884,heck,1
1885,hold,1
1886,evictions,1
1887,december,1
1888,multimillion,1
1889,direct,1
1890,requirement,1
1891,stabilization,1
1892,placebo,1
1893,room,1
1894,veterinary,1
1895,officially,1
1896,human,1
1897,surveillance,1
1898,digital,1
1899,visit,1
1900,participate,1
1901,music,1
1902,etc,1
1903,crowd,1
1904,berlin,1
1905,protesting,1
1906,whats,1
1907,malpractice,1
1908,herman,1
1909,cain,1
1910,warrants,1
1911,jersey,1
1912,insulting,1
1913,lawmakers,1
1914,neighboring,1
1915,precautions,1
1916,opposes,1
1917,walking,1
1918,dog,1
1919,labor,1
1920,hazard,1
1921,qualified,1
1922,ukrainians,1
1923,published,1
1924,posts,1
1925,roundtrip,1
1926,zinc,1
1927,zithromax,1
1928,talk,1
1929,hello,1
1930,mistake,1
1931,reduced,1
1932,wvgovernor,1
1933,justice,1
1934,unfulfilled,1
1935,supply,1
1936,requests,1
1937,writing,1
1938,reject,1
1939,notion,1
1940,eventually,1
1941,careless,1
1942,lazy,1
1943,heartless,1
1944,stance,1
1945,taxpayers,1
1946,january,1
1947,talked,1
1948,tremendous,1
1949,covid…,1
1950,gratitude,1
1951,nice,1
1952,thank,1
1953,mr,1
1954,another,1
1955,opening,1
1956,cal,1
1957,cunningham,1
1958,benefitted,1
1959,apply,1
1960,filed,1
1961,mine,1
1962,classrooms,1
1963,administrators,1
1964,cleaned,1
1965,melinda,1
1966,'significantly,1
1967,associated',1
1968,orlando,1
1969,'outbreak',1
1970,good,1
1971,alleviate,1
1972,concerns,1
1973,ruled,1
1974,collapse,1
1975,daily,1
1976,tuberculosis,1
1977,hepatitis,1
1978,unseat,1
1979,denis,1
1980,mukwege,1
1981,congolese,1
1982,fabricate,1
1983,middleaged,1
1984,poses,1
1985,swabs,1
1986,deeper,1
1987,swabbing,1
1988,implanting,1
1989,wealthy,1
1990,ppp,1
1991,remarkably,1
1992,rather,1
1993,america's,1
1994,strongest,1
1995,export,1
1996,sectors,1
1997,universities,1
1998,contributed,1
1999,decades,1
2000,discharge,1
2001,document,1
2002,recommend,1
2003,leaders,1
2004,maxwells,1
2005,fungus,1
2006,pcr,1
2007,meaningless,1
2008,proposed,1
2009,amount,1
2010,onto,1
2011,harmless,1
2012,raleigh,1
2013,ers,1
2014,fungal,1
2015,bbc,1
2016,prematurely,1
2017,maxwell,1
2018,intensive,1
2019,worsen,1
2020,stages,1
2021,scaled,1
2022,coronavirus'',1
2023,submitting,1
2024,tulsa,1
2025,rally,1
2026,airquality,1
2027,struggles,1
2028,multibillion,1
2029,handout,1
2030,agricultural,1
2031,contagion,1
2032,probability,1
2033,immediately,1
2034,building,1
2035,licensed,1
2036,covering,1
2037,removes,1
2038,conceal,1
2039,sarah,1
2040,huckabee,1
2041,sanders,1
2042,antifa,1
2043,insurgency,1
2044,loses,1
2045,hillary,1
2046,pattern,1
2047,h,1
2048,cite,1
2049,ada,1
2050,hays,1
2051,incredible,1
2052,google,1
2053,apple,1
2054,tracker,1
2055,phone,1
2056,violate,1
2057,hasn't,1
2058,gyms,1
2059,coverings,1
2060,alexandria,1
2061,ocasiocortez,1
2062,vital,1
2063,maintain,1
2064,recovery,1
2065,reelected,1
2066,business,1
2067,presidency,1
2068,keepusclosed,1
2069,prosecute,1
2070,plandemic,1
2071,negotiated,1
2072,congressman,1
2073,sponsor,1
2074,we'd,1
2075,idle,1
2076,stories,1
2077,referencing,1
2078,proof,1
2079,synchronized,1
2080,african,1
2081,deathrate,1
2082,sense,1
2083,declined,1
2084,precipitously,1
2085,thoroughbred,1
2086,sugarcreek,1
2087,slaughter,1
2088,gentleman,1
2089,son,1
2090,floyds,1
2091,murder,1
2092,filmed,1
2093,belt,1
2094,norris,1
2095,n,1
2096,particles,1
2097,size,1
2098,decreases,1
2099,intake,1
2100,toxin,1
2101,inhalation,1
2102,shuts,1
2103,inaccurate,1
2104,allegany,1
2105,cattaraugus,1
2106,chautauqua,1
2107,consistently,1
2108,rare,1
2109,niece,1
2110,defects,1
2111,landfills,1
2112,illustrates,1
2113,deficiencies,1
2114,shes,1
2115,casually,1
2116,hand,1
2117,sure,1
2118,complete,1
2119,props,1
2120,theater,1
2121,latest,1
2122,twothirds,1
2123,disapprove,1
2124,allocate,1
2125,sued,1
2126,retail,1
2127,moving,1
2128,standing,1
2129,periods,1
2130,entity,1
2131,whose,1
2132,sole,1
2133,responsibility,1
2134,alert,1
2135,pandemics,1
2136,miss,1
2137,researchers,1
2138,fabric,1
2139,coronaviruses,1
2140,traverse,1
2141,daughter's,1
2142,dewine,1
2143,crime,1
2144,cuts,1
2145,do…,1
2146,secretly,1
2147,stick,1
2148,tourism,1
2149,recreate,1
2150,who's,1
2151,discovered,1
2152,bacterium,1
2153,clots,1
2154,reduces,1
2155,saturation,1
2156,crosses,1
2157,crucified,1
2158,whitmers,1
2159,mackinaw,1
2160,island,1
2161,ignoring,1
2162,shall,1
2163,remotely,1
2164,secure,1
2165,conor,1
2166,lamb,1
2167,balanced,1
2168,vacationing,1
2169,stevensville,1
2170,mt,1
2171,suggested,1
2172,parliament,1
2173,joni,1
2174,ernst,1
2175,pushed,1
2176,opposing,1
2177,staffers,1
2178,observe,1
2179,brought,1
2180,shot,1
2181,option,1
2182,label,1
2183,box,1
2184,disposable,1
2185,workforce,1
2186,idled,1
2187,forthcoming,1
2188,microchips,1
2189,dental,1
2190,injections,1
2191,procedures,1
2192,chips,1
2193,va,1
2194,incarcerated,1
2195,violent,1
2196,offenses,1
2197,additional,1
2198,alter,1
2199,morbidly,1
2200,obese,1
2201,clot,1
2202,ought,1
2203,fought,1
2204,antibiotics,1
2205,treating,1
2206,wolf,1
2207,ship,1
2208,placed,1
2209,veterans,1
2210,memorial,1
2211,harmful,1
2212,vocal,1
2213,demands,1
2214,bail,1
2215,pension,1
2216,failing,1
2217,microchipped,1
2218,worker,1
2219,potentially,1
2220,blowing,1
2221,containers,1
2222,given,1
2223,serves,1
2224,cures,1
2225,happens,1
2226,sickness,1
2227,cannabis,1
2228,infecting,1
2229,livestock,1
2230,grown,1
2231,meat,1
2232,cloth,1
2233,beachgoers,1
2234,trash,1
2235,pounds,1
2236,litter,1
2237,spike,1
2238,barely,1
2239,affected,1
2240,dentists,1
2241,controllingtracking,1
2242,shield,1
2243,exists,1
2244,skyrocket,1
2245,£,1
2246,packages,1
2247,borrowed,1
2248,unless,1
2249,underlying,1
2250,germany,1
2251,frankly,1
2252,subject,1
2253,vacant,1
2254,de,1
2255,blasio,1
2256,point,1
2257,shouldnt,1
2258,worn,1
2259,town,1
2260,germs,1
2261,ruling,1
2262,disregarded,1
2263,impunity,1
2264,greater,1
2265,hpv,1
2266,mitch,1
2267,wanted,1
2268,bankrupt,1
2269,providing,1
2270,fauci's,1
2271,appears,1
2272,patents,1
2273,key,1
2274,glycoprotein,1
2275,mainstream,1
2276,personal,1
2277,decontaminated,1
2278,reused,1
2279,degrading,1
2280,performance,1
2281,expresident,1
2282,speak,1
2283,successor,1
2284,microsofts,1
2285,directors,1
2286,risks,1
2287,airplane,1
2288,environment,1
2289,find,1
2290,cats,1
2291,vietnam,1
2292,consumed,1
2293,park,1
2294,tents,1
2295,housed,1
2296,abused,1
2297,underground,1
2298,captivity,1
2299,autopsy,1
2300,complications,1
2301,delivering,1
2302,boxes,1
2303,heavy,1
2304,posing,1
2305,gregory,1
2306,mcmichael,1
2307,rd,1
2308,decide,1
2309,elective,1
2310,surgeries,1
2311,eligible,1
2312,bakersfield,1
2313,x,1
2314,previously,1
2315,analysis,1
2316,youtube,1
2317,mayors,1
2318,churchgoers,1
2319,register,1
2320,outlets,1
2321,cantrall,1
2322,bailed,1
2323,wall,1
2324,main,1
2325,models,1
2326,projecting,1
2327,talking,1
2328,mitigation,1
2329,believing,1
2330,andy,1
2331,beshear,1
2332,inhome,1
2333,visits,1
2334,parental,1
2335,inspect,1
2336,bedroom,1
2337,k,1
2338,candidate,1
2339,jacobs,1
2340,volunteer,1
2341,confined,1
2342,st,1
2343,louis,1
2344,editor,1
2345,sexual,1
2346,assault,1
2347,censored,1
2348,behest,1
2349,apology,1
2350,grants,1
2351,prohibited,1
2352,pres,1
2353,grant,1
2354,exception,1
2355,selling,1
2356,coronavirusthemed,1
2357,commemorative,1
2358,coins,1
2359,gift,1
2360,shop,1
2361,walmart,1
2362,target,1
2363,costco,1
2364,prevented,1
2365,existence,1
2366,canine,1
2367,casts,1
2368,doubt,1
2369,statements,1
2370,appliance,1
2371,outsource,1
2372,ventilaors,1
2373,europe,1
2374,barak,1
2375,sp,1
2376,hussein,1
2377,tune,1
2378,blocking,1
2379,prepared,1
2380,term,1
2381,stripped,1
2382,powers,1
2383,montana,1
2384,hardesthit,1
2385,―,1
2386,sterilize,1
2387,ordering,1
2388,convalescent,1
2389,plasma,1
2390,therapy,1
2391,degree,1
2392,success,1
2393,quote,1
2394,ultraviolet,1
2395,administered,1
2396,disinfectant,1
2397,bacteria,1
2398,denmark,1
2399,introduced,1
2400,mosquitoes,1
2401,defying,1
2402,arizona,1
2403,shutdown,1
2404,spain,1
2405,founder,1
2406,square,1
2407,prophesied,1
2408,bars,1
2409,especially,1
2410,him…,1
2411,formed,1
2412,antimask,1
2413,league,1
2414,ultimately,1
2415,suffered,1
2416,cottage,1
2417,birch,1
2418,lake,1
2419,banner,1
2420,swastika,1
2421,minority,1
2422,requires,1
2423,witnesses,1
2424,notary,1
2425,polio,1
2426,vax,1
2427,india,1
2428,paralysed,1
2429,o'reilly,1
2430,claiming,1
2431,packed,1
2432,domestic,1
2433,consumption,1
2434,largely,1
2435,unable,1
2436,import,1
2437,supplies,1
2438,implanted,1
2439,promised,1
2440,completed,1
2441,comparisons,1
2442,statistics,1
2443,monroe,1
2444,minorities,1
2445,bit,1
2446,patent,1
2447,trey,1
2448,gowdy,1
2449,real…,1
2450,attention,1
2451,meets,1
2452,eye,1
2453,nigerians,1
2454,lagged,1
2455,werent,1
2456,specifying,1
2457,follow,1
2458,diffies,1
2459,taken,1
2460,journalist,1
2461,wife,1
2462,suffering,1
2463,pregnant,1
2464,poor,1
2465,ironically,1
2466,employed,1
2467,industries,1
2468,upperclass,1
2469,peers,1
2470,freed,1
2471,bunker,1
2472,los,1
2473,angeles,1
2474,doctored,1
2475,add,1
2476,confederate,1
2477,swimming,1
2478,pools,1
2479,lifted,1
2480,govwhitmer,1
2481,purchasing,1
2482,car,1
2483,seat,1
2484,liquor,1
2485,chemically,1
2486,dependent,1
2487,suddenly,1
2488,withdrawal,1
2489,flood,1
2490,obesity,1
2491,whether,1
2492,deleted,1
2493,chinatown,1
2494,africans,1
2495,rising,1
2496,shown,1
2497,preexisting,1
2498,condition,1
2499,ask,1
2500,amazons,1
2501,alexa,1
2502,origin,1
2503,lose,1
2504,invested,1
2505,facts,1
2506,top,1
2507,return,1
2508,automatically,1
2509,owe,1
2510,season,1
2511,gardening,1
2512,vegetable,1
2513,fruit,1
2514,neighbors,1
2515,certainly,1
2516,tier,1
2517,republicanled,1
2518,forcing,1
2519,prepay,1
2520,pensions,1
2521,turning,1
2522,buried,1
2523,guy,1
2524,percapita,1
2525,gay,1
2526,asian,1
2527,hong,1
2528,kong,1
2529,bird,1
2530,flus,1
2531,status,1
2532,excess,1
2533,nonused,1
2534,voluntary,1
2535,course,1
2536,reaction,1
2537,looks,1
2538,talks,1
2539,services,1
2540,resume,1
2541,televangelist,1
2542,pat,1
2543,robertson,1
2544,unnatural,1
2545,sex,1
2546,organs,1
2547,ladies,1
2548,ceos,1
2549,dump,1
2550,bags,1
2551,dumped,1
2552,ditch,1
2553,situation,1
2554,senegal,1
2555,yesterday,1
2556,spot,1
2557,nations,1
2558,enforce,1
2559,posed,1
2560,urged,1
2561,estimated,1
2562,benefits,1
2563,believe,1
2564,fakenews,1
2565,sent,1
2566,meeting,1
2567,endofmeeting,1
2568,transcript,1
2569,along,1
2570,robin,1
2571,vos,1
2572,wore,1
2573,gear,1
2574,particular,1
2575,limitations,1
2576,mean,1
2577,grocery,1
2578,dumping,1
2579,himself,1
2580,financial,1
2581,stake,1
2582,french,1
2583,brandname,1
2584,version,1
2585,held,1
2586,rallies,1
2587,golfed,1
2588,occurs,1
2589,globalists,1
2590,collaboration,1
2591,pharmaceutical,1
2592,reportedly,1
2593,working,1
2594,bracelets,1
2595,invisible,1
2596,tattoos,1
2597,impending,1
2598,rudy,1
2599,giuliani,1
2600,bought,1
2601,shares,1
2602,novartis,1
2603,supplier,1
2604,sneakily,1
2605,endtoend,1
2606,encryption,1
2607,listen,1
2608,handing,1
2609,doused,1
2610,knocks,1
2611,thrown,1
2612,surfer,1
2613,ocean,1
2614,poem,1
2615,kathleen,1
2616,omara,1
2617,suggestion,1
2618,cancel,1
2619,mardi,1
2620,gras,1
2621,file,1
2622,raise,1
2623,pastor,1
2624,dettol,1
2625,stockpile,1
2626,cupboard,1
2627,bare,1
2628,youve,1
2629,purposes,1
2630,gonna,1
2631,destroying,1
2632,poles,1
2633,triggering,1
2634,goodwill,1
2635,laying,1
2636,philippine,1
2637,rodrigo,1
2638,duterte,1
2639,filipinos,1
2640,lucky,1
2641,communist,1
2642,spy,1
2643,crowded,1
2644,subway,1
2645,train,1
2646,voter,1
2647,idabsentee,1
2648,airlines,1
2649,strong,1
2650,trains,1
2651,rivers,1
2652,catfish,1
2653,asking,1
2654,resign,1
2655,pays,1
2656,hour,1
2657,wages,1
2658,nostradamus,1
2659,passage,1
2660,east,1
2661,needs,1
2662,realize,1
2663,exotic,1
2664,distracted,1
2665,associated,1
2666,exposure,1
2667,otherwise,1
2668,experiencing,1
2669,moderate,1
2670,temperatures,1
2671,run,1
2672,degrees,1
2673,pictures,1
2674,agendas,1
2675,effort,1
2676,incountry,1
2677,lowered,1
2678,applied,1
2679,handsforearms,1
2680,cook,1
2681,stove,1
2682,contained,1
2683,quick,1
2684,critical,1
2685,saving,1
2686,antivirus,1
2687,movement,1
2688,prescription,1
2689,intentionally,1
2690,limited,1
2691,tons,1
2692,respirators,1
2693,child,1
2694,van,1
2695,knowto,1
2696,know…,1
2697,furloughing,1
2698,western,1
2699,ron,1
2700,johnson,1
2701,unavoidable,1
2702,typically,1
2703,prime,1
2704,minister,1
2705,giuseppe,1
2706,conte,1
2707,mentally,1
2708,understand,1
2709,solutions,1
2710,exhausted,1
2711,ground,1
2712,sky,1
2713,god,1
2714,rough,1
2715,estimate,1
2716,mostly,1
2717,korean,1
2718,seems,1
2719,trajectory,1
2720,thankfully,1
2721,waitress,1
2722,i'll,1
2723,knowing,1
2724,refugee,1
2725,resettlement,1
2726,salaries,1
2727,repeat,1
2728,grade,1
2729,inherited,1
2730,broken,1
2731,didnt,1
2732,requesting,1
2733,literally,1
2734,infectious,1
2735,imposters,1
2736,hazmat,1
2737,stockton,1
2738,calif,1
2739,checking,1
2740,attempt,1
2741,steve,1
2742,sisolak,1
2743,antimalaria,1
2744,speaking,1
2745,restriction,1
2746,objects,1
2747,legally,1
2748,dinner,1
2749,anymore,1
2750,surfaces,1
2751,truck,1
2752,drivers,1
2753,fastfood,1
2754,culture,1
2755,bats,1
2756,snakes,1
2757,dogs,1
2758,transmitted,1
2759,animal,1
2760,source,1
2761,hell,1
2762,banks,1
2763,notified,1
2764,suspend,1
2765,mortgage,1
2766,deferred,1
2767,australia,1
2768,audio,1
2769,ways,1
2770,humvee,1
2771,interstate,1
2772,las,1
2773,knock,1
2774,nv,1
2775,cvd,1
2776,testers,1
2777,robbing,1
2778,gunpoint,1
2779,boil,1
2780,peels,1
2781,wit,1
2782,cayenne,1
2783,pepper,1
2784,breathe,1
2785,yo,1
2786,nasal…,1
2787,established,1
2788,panels,1
2789,lotteries,1
2790,firearm,1
2791,confiscation,1
2792,credits,1
2793,solar,1
2794,energy,1
2795,retirement,1
2796,newspaper,1
2797,climate,1
2798,fish,1
2799,tank,1
2800,additive,1
2801,slices,1
2802,cup,1
2803,save,1
2804,proliferation,1
2805,unleashed,1
2806,lions,1
2807,unquestionably,1
2808,changing,1
2809,date,1
2810,shifting,1
2811,votebymail,1
2812,putin,1
2813,stated,1
2814,options,1
2815,jail,1
2816,special,1
2817,helicopters,1
2818,spray,1
2819,pesticide,1
2820,skies,1
2821,formula,1
2822,results,1
2823,oscar,1
2824,tapped,1
2825,kushner,1
2826,profits,1
2827,censusgov,1
2828,form,1
2829,longstanding,1
2830,regulations,1
2831,barriers,1
2832,creating,1
2833,hospitalized,1
2834,mobilize,1
2835,guard,1
2836,dispatch,1
2837,sunlight,1
2838,copper,1
2839,cardboard,1
2840,plastic,1
2841,stainless,1
2842,steel,1
2843,colorado,1
2844,springs,1
2845,stating,1
2846,minute,1
2847,conference,1
2848,alltime,1
2849,damn,1
2850,adding,1
2851,unforeseen,1
2852,owns,1
2853,wuxi,1
2854,located,1
2855,conveniently,1
2856,broke,1
2857,hype,1
2858,crash,1
2859,harm,1
2860,chances,1
2861,treasury,1
2862,however,1
2863,search,1
2864,notmypresident,1
2865,wouldnt,1
2866,offending,1
2867,maga,1
2868,always,1
2869,chill,1
2870,manipulate,1
2871,elderly,1
2872,entitled,1
2873,usd,1
2874,faucis,1
2875,animals,1
2876,adequate,1
2877,professionals,1
2878,msnbc,1
2879,harms,1
2880,legislators,1
2881,group,1
2882,evoke,1
2883,stafford,1
2884,wasted,1
2885,announcing,1
2886,spectrum,1
2887,internet,1
2888,solution,1
2889,strains,1
2890,deactivates,1
2891,offered,1
2892,kits,1
2893,clintons,1
2894,detain,1
2895,indefinitely,1
2896,detention,1
2897,simpsons',1
2898,gargling,1
2899,warm,1
2900,salt,1
2901,vinegar,1
2902,eliminates,1
2903,worst,1
2904,action,1
2905,closings,1
2906,rating,1
2907,utah,1
2908,jazz,1
2909,reckless,1
2910,comments,1
2911,unsupported,1
2912,admin,1
2913,clean,1
2914,mess,1
2915,apologize,1
2916,ineptitude,1
2917,breath,1
2918,leaked,1
2919,documents,1
2920,reveal,1
2921,safest,1
2922,fly,1
2923,akira,1
2924,apocalyptic,1
2925,tokyo,1
2926,advising,1
2927,japan,1
2928,administrations,1
2929,european,1
2930,chunnel,1
2931,antipandemic,1
2932,volleyball,1
2933,waive,1
2934,copayments,1
2935,treatments,1
2936,nyc,1
2937,drops,1
2938,suspected,1
2939,harvard,1
2940,infect,1
2941,humanity,1
2942,liquids,1
2943,esophagus,1
2944,tummy,1
2945,acid,1
2946,daniel,1
2947,radcliffe,1
2948,avian,1
2949,zika,1
2950,potential,1
2951,sufferer,1
2952,invented,1
2953,patented,1
2954,color,1
2955,melanin,1
2956,fabricated,1
2957,coverup,1
2958,regard,1
2959,cost,1
2960,hhs,1
2961,designated,1
2962,definition,1
2963,medicaid,1
2964,stronger,1
2965,besides,1
2966,inventions,1
2967,judaism,1
2968,olives,1
2969,wonderful,1
2970,bombed,1
2971,peace,1
2972,anything,1
2973,detrimental,1
2974,shelf,1
2975,goods,1
2976,present,1
2977,stuff,1
2978,workplaces,1
2979,lindsey,1
2980,graham,1
2981,medicine,1
2982,specifically,1
2983,screening,1
2984,appropriate,1
2985,costs,1
2986,visited,1
2987,albany,1
2988,waited,1
2989,valley,1
2990,regional,1
2991,brownsville,1
2992,looked,1
2993,spawned,1
2994,code,1
2995,zyphr,1
2996,shands,1
2997,gainesville,1
2998,airborne,1
2999,blows,1
3000,direction,1
3001,saint,1
3002,laurent,1
3003,hazardous,1
3004,materials,1
3005,suit,1
3006,resident,1
3007,evil,1
3008,releases,1
3009,infects,1
3010,raccoon,1
3011,logo,1
3012,vaccinating,1
3013,cattle,1
3014,gunna,1
3015,aides,1
3016,infestation,1
3017,poll,1
3018,beer,1
3019,weave,1
3020,lace,1
3021,fronts,1
3022,slowed,1
3023,immediate,1
3024,widespread,1
3025,doses,1
3026,apprehended,1
3027,cross,1
3028,southern,1
3029,flulike,1
3030,assessed,1
3031,actions,1
3032,he's,1
3033,defunding,1
3034,shave,1
3035,beards,1
3036,flu…,1
3037,items…,1
3038,sambucol,1
3039,oscillococcinum…,1
3040,symptomfree,1
3041,sulfur,1
3042,dioxide,1
3043,cremations,1
3044,cremated,1
3045,book,1
3046,converted,1
3047,islam,1
3048,affect,1
3049,muslims,1
3050,prepares,1
3051,updates,1
3052,weed,1
3053,supposed,1
3054,use…,1
3055,filter,1
3056,sudden,1
3057,china's,1
3058,army,1
3059,cocaine,1
3060,engineered,1
3061,lysol,1
3062,gave,1
3063,stuffed,1
3064,souvenir,1
3065,toys,1
3066,commemorate,1
